Time,Header.seq,Header.stamp.secs,Header.stamp.nsecs,Header.frame_id,Latitude,Longitude,Altitude,HDOP,UTM_easting,UTM_northing,UTC,Zone,Letter
1675712207.0579553,0,76212,76212,GPS1_Frame,42.338861333333334,-71.08809666666667,8.0,1.2,327985.7150503197,4689512.319440717,19 Hours 36 Minutes 49.00 Seconds,19,T
1675712208.062901,0,76213,76213,GPS1_Frame,42.338862,-71.08809883333333,7.7,1.01,327985.53837397974,4689512.397852196,19 Hours 36 Minutes 50.00 Seconds,19,T
1675712209.057937,0,76213,76213,GPS1_Frame,42.338862166666665,-71.08810066666666,7.4,1.01,327985.3877948802,4689512.420068139,19 Hours 36 Minutes 51.00 Seconds,19,T
1675712210.0573046,0,76213,76213,GPS1_Frame,42.3388625,-71.08810183333334,7.2,1.2,327985.2925915505,4689512.459442468,19 Hours 36 Minutes 52.00 Seconds,19,T
1675712211.06048,0,76214,76214,GPS1_Frame,42.338863833333335,-71.088103,7.2,1.01,327985.2001150512,4689512.609859199,19 Hours 36 Minutes 53.00 Seconds,19,T
1675712212.0571368,0,76214,76214,GPS1_Frame,42.33886616666667,-71.0881035,7.4,1.01,327985.1652866873,4689512.869969649,19 Hours 36 Minutes 54.00 Seconds,19,T
1675712213.057653,0,76215,76215,GPS1_Frame,42.33886783333333,-71.08810383333334,7.6,1.2,327985.1423707614,4689513.05571466,19 Hours 36 Minutes 55.00 Seconds,19,T
1675712214.0603044,0,76215,76215,GPS1_Frame,42.338868833333336,-71.088104,7.6,1.01,327985.1313672711,4689513.1670942325,19 Hours 36 Minutes 56.00 Seconds,19,T
1675712215.060982,0,76215,76215,GPS1_Frame,42.33887083333333,-71.088104,7.8,1.01,327985.1368209372,4689513.389179035,19 Hours 36 Minutes 57.00 Seconds,19,T
1675712216.0528991,0,76216,76216,GPS1_Frame,42.33887133333333,-71.08810366666667,7.9,1.2,327985.16564499855,4689513.444025894,19 Hours 36 Minutes 58.00 Seconds,19,T
1675712217.0564985,0,76216,76216,GPS1_Frame,42.33887,-71.08810283333334,7.9,1.01,327985.2306608373,4689513.294283504,19 Hours 36 Minutes 59.00 Seconds,19,T
1675712218.0616944,0,76232,76232,GPS1_Frame,42.338868166666664,-71.08810283333334,8.3,1.01,327985.2256616463,4689513.090705767,19 Hours 37 Minutes 00.00 Seconds,19,T
1675712219.060114,0,76233,76233,GPS1_Frame,42.338866333333335,-71.08810333333334,8.7,1.2,327985.1794714829,4689512.888139544,19 Hours 37 Minutes 01.00 Seconds,19,T
1675712220.0643916,0,76233,76233,GPS1_Frame,42.338865,-71.0881045,9.2,1.01,327985.07972344046,4689512.742443207,19 Hours 37 Minutes 02.00 Seconds,19,T
1675712221.0606847,0,76233,76233,GPS1_Frame,42.33886366666667,-71.08810533333333,9.5,1.01,327985.00743604,4689512.596072529,19 Hours 37 Minutes 03.00 Seconds,19,T
1675712222.0582547,0,76234,76234,GPS1_Frame,42.338862666666664,-71.08810616666666,9.9,1.2,327984.936057582,4689512.4867159845,19 Hours 37 Minutes 04.00 Seconds,19,T
1675712223.0554118,0,76234,76234,GPS1_Frame,42.338862166666665,-71.08810683333333,10.2,1.01,327984.8797728666,4689512.432543471,19 Hours 37 Minutes 05.00 Seconds,19,T
1675712224.0608559,0,76235,76235,GPS1_Frame,42.338860833333335,-71.088108,10.7,1.01,327984.7800248078,4689512.286847139,19 Hours 37 Minutes 06.00 Seconds,19,T
1675712225.062864,0,76235,76235,GPS1_Frame,42.3388585,-71.08810883333334,10.7,1.2,327984.70501056034,4689512.029434062,19 Hours 37 Minutes 07.00 Seconds,19,T
1675712226.0547564,0,76235,76235,GPS1_Frame,42.338856666666665,-71.08810933333334,10.9,1.01,327984.65882037923,4689511.826867841,19 Hours 37 Minutes 08.00 Seconds,19,T
1675712227.0556316,0,76236,76236,GPS1_Frame,42.33885516666667,-71.0881095,11.2,1.01,327984.64099979436,4689511.660641413,19 Hours 37 Minutes 09.00 Seconds,19,T
1675712228.0553286,0,76236,76236,GPS1_Frame,42.338854166666664,-71.088109,11.3,1.2,327984.67946393334,4689511.5485874945,19 Hours 37 Minutes 10.00 Seconds,19,T
1675712229.056947,0,76237,76237,GPS1_Frame,42.3388535,-71.0881085,11.5,1.01,327984.7188370199,4689511.473547713,19 Hours 37 Minutes 11.00 Seconds,19,T
1675712230.0557272,0,76237,76237,GPS1_Frame,42.338853,-71.08810783333334,11.5,1.01,327984.77239490644,4689511.416677824,19 Hours 37 Minutes 12.00 Seconds,19,T
1675712231.0573137,0,76237,76237,GPS1_Frame,42.338852333333335,-71.08810733333334,11.6,1.2,327984.81176799675,4689511.341638042,19 Hours 37 Minutes 13.00 Seconds,19,T
1675712232.0573413,0,76238,76238,GPS1_Frame,42.33885183333334,-71.08810683333333,11.7,1.01,327984.85159556067,4689511.285105326,19 Hours 37 Minutes 14.00 Seconds,19,T
1675712233.0594049,0,76238,76238,GPS1_Frame,42.33885166666666,-71.08810633333333,11.8,1.01,327984.89233206806,4689511.265586744,19 Hours 37 Minutes 15.00 Seconds,19,T
1675712234.0526426,0,76239,76239,GPS1_Frame,42.33885033333333,-71.088107,12.4,1.2,327984.83377498004,4689511.118878896,19 Hours 37 Minutes 16.00 Seconds,19,T
1675712235.0573335,0,76239,76239,GPS1_Frame,42.33885,-71.08810816666667,12.9,1.01,327984.73675374105,4689511.0842249645,19 Hours 37 Minutes 17.00 Seconds,19,T
1675712236.0593145,0,76239,76239,GPS1_Frame,42.33884966666667,-71.08810883333334,13.2,1.01,327984.6809234867,4689511.0485595185,19 Hours 37 Minutes 18.00 Seconds,19,T
1675712237.058674,0,76240,76240,GPS1_Frame,42.338849333333336,-71.088109,13.5,1.2,327984.6662842134,4689511.011882557,19 Hours 37 Minutes 19.00 Seconds,19,T
1675712238.0542583,0,76240,76240,GPS1_Frame,42.33884833333333,-71.08810916666667,13.9,1.01,327984.6498270475,4689510.901177327,19 Hours 37 Minutes 20.00 Seconds,19,T
1675712239.0609279,0,76241,76241,GPS1_Frame,42.338847666666666,-71.08810933333334,14.3,1.01,327984.6342788275,4689510.827486233,19 Hours 37 Minutes 21.00 Seconds,19,T
1675712240.0580127,0,76241,76241,GPS1_Frame,42.33884616666667,-71.08810833333334,14.5,1.2,327984.71257053677,4689510.658899599,19 Hours 37 Minutes 22.00 Seconds,19,T
1675712241.0610602,0,76241,76241,GPS1_Frame,42.33884466666667,-71.08810733333334,14.6,1.01,327984.790862252,4689510.490312967,19 Hours 37 Minutes 23.00 Seconds,19,T
1675712242.059487,0,76242,76242,GPS1_Frame,42.33884416666667,-71.088107,14.6,1.01,327984.81695949275,4689510.434117423,19 Hours 37 Minutes 24.00 Seconds,19,T
1675712243.0558145,0,76242,76242,GPS1_Frame,42.3388435,-71.08810866666667,14.1,1.2,327984.6778383134,4689510.363460873,19 Hours 37 Minutes 25.00 Seconds,19,T
1675712244.0581973,0,76242,76242,GPS1_Frame,42.33884333333334,-71.0881095,14.0,1.01,327984.60873219784,4689510.346639668,19 Hours 37 Minutes 26.00 Seconds,19,T
1675712245.0551276,0,76243,76243,GPS1_Frame,42.33884316666666,-71.08811,14.0,1.01,327984.567086737,4689510.329144116,19 Hours 37 Minutes 27.00 Seconds,19,T
1675712246.0551922,0,76243,76243,GPS1_Frame,42.33884233333333,-71.08811,13.9,1.2,327984.56481437077,4689510.236608782,19 Hours 37 Minutes 28.00 Seconds,19,T
1675712247.0564966,0,76244,76244,GPS1_Frame,42.33884183333333,-71.08811066666667,13.7,1.01,327984.5085296336,4689510.182436271,19 Hours 37 Minutes 29.00 Seconds,19,T
1675712248.0571592,0,76244,76244,GPS1_Frame,42.3388415,-71.08811116666666,13.6,1.01,327984.4664297,4689510.146433653,19 Hours 37 Minutes 30.00 Seconds,19,T
1675712249.0541332,0,76244,76244,GPS1_Frame,42.3388415,-71.08811033333333,13.3,1.1,327984.53508134466,4689510.144747792,19 Hours 37 Minutes 31.00 Seconds,19,T
1675712250.0556817,0,76245,76245,GPS1_Frame,42.338842,-71.088109,13.0,0.91,327984.6462873992,4689510.197571616,19 Hours 37 Minutes 32.00 Seconds,19,T
1675712251.0620198,0,76245,76245,GPS1_Frame,42.33884316666666,-71.08810816666667,12.6,0.86,327984.7181203532,4689510.325435224,19 Hours 37 Minutes 33.00 Seconds,19,T
1675712252.0577223,0,76246,76246,GPS1_Frame,42.33884316666666,-71.0881085,11.9,1.08,327984.690659696,4689510.326109568,19 Hours 37 Minutes 34.00 Seconds,19,T
1675712253.0559158,0,76246,76246,GPS1_Frame,42.338844,-71.08810733333334,11.3,0.86,327984.7890443613,4689510.416284699,19 Hours 37 Minutes 35.00 Seconds,19,T
1675712254.05728,0,76246,76246,GPS1_Frame,42.33884583333333,-71.0881065,11.0,0.86,327984.86269520276,4689510.618176577,19 Hours 37 Minutes 36.00 Seconds,19,T
1675712255.0554116,0,76247,76247,GPS1_Frame,42.338847,-71.08810633333333,10.9,1.08,327984.879606838,4689510.747388873,19 Hours 37 Minutes 37.00 Seconds,19,T
1675712256.0474713,0,76247,76247,GPS1_Frame,42.338847666666666,-71.088105,10.9,1.01,327984.9912673506,4689510.818719769,19 Hours 37 Minutes 38.00 Seconds,19,T
1675712257.064795,0,76248,76248,GPS1_Frame,42.33884916666667,-71.08810283333334,10.8,1.01,327985.1738518588,4689510.980900146,19 Hours 37 Minutes 39.00 Seconds,19,T
1675712258.05578,0,76248,76248,GPS1_Frame,42.33885,-71.08810183333334,11.0,0.97,327985.25850618194,4689511.071412454,19 Hours 37 Minutes 40.00 Seconds,19,T
1675712259.056463,0,76248,76248,GPS1_Frame,42.33885166666666,-71.08810116666666,11.2,0.86,327985.317972204,4689511.255134439,19 Hours 37 Minutes 41.00 Seconds,19,T
1675712260.0573423,0,76249,76249,GPS1_Frame,42.33885266666667,-71.0881,11.4,0.91,327985.416811322,4689511.363816647,19 Hours 37 Minutes 42.00 Seconds,19,T
1675712261.0557508,0,76249,76249,GPS1_Frame,42.338853666666665,-71.08809833333333,11.4,0.97,327985.55684141355,4689511.471487343,19 Hours 37 Minutes 43.00 Seconds,19,T
1675712262.0550709,0,76250,76250,GPS1_Frame,42.338855,-71.08809666666667,11.4,0.91,327985.6977804417,4689511.616172177,19 Hours 37 Minutes 44.00 Seconds,19,T
1675712263.0550709,0,76250,76250,GPS1_Frame,42.3388575,-71.08809566666666,11.5,0.91,327985.78697945527,4689511.89175516,19 Hours 37 Minutes 45.00 Seconds,19,T
1675712264.0518498,0,76250,76250,GPS1_Frame,42.33886016666667,-71.088094,11.6,1.08,327985.9315542278,4689512.184496533,19 Hours 37 Minutes 46.00 Seconds,19,T
1675712265.054399,0,76251,76251,GPS1_Frame,42.338862666666664,-71.08809333333333,11.7,0.97,327985.9932925758,4689512.460753857,19 Hours 37 Minutes 47.00 Seconds,19,T
1675712266.0567575,0,76251,76251,GPS1_Frame,42.33886533333333,-71.08809266666667,11.8,0.97,327986.05548538954,4689512.755518248,19 Hours 37 Minutes 48.00 Seconds,19,T
1675712267.0499444,0,76252,76252,GPS1_Frame,42.338866833333334,-71.08809283333333,12.1,1.08,327986.0458452932,4689512.92241902,19 Hours 37 Minutes 49.00 Seconds,19,T
1675712268.0529442,0,76252,76252,GPS1_Frame,42.338869333333335,-71.08809233333334,12.2,0.97,327986.09385330754,4689513.199013517,19 Hours 37 Minutes 50.00 Seconds,19,T
1675712269.0538986,0,76252,76252,GPS1_Frame,42.338871833333336,-71.088092,12.3,0.97,327986.1281309967,4689513.47594518,19 Hours 37 Minutes 51.00 Seconds,19,T
1675712270.0522132,0,76253,76253,GPS1_Frame,42.33887416666666,-71.08809166666667,12.5,0.97,327986.16195421445,4689513.734369778,19 Hours 37 Minutes 52.00 Seconds,19,T
1675712271.0478187,0,76253,76253,GPS1_Frame,42.33887583333333,-71.088091,12.6,1.2,327986.2214201975,4689513.918091772,19 Hours 37 Minutes 53.00 Seconds,19,T
1675712272.0538046,0,76254,76254,GPS1_Frame,42.338878,-71.0880905,12.7,0.97,327986.26851926267,4689514.157672134,19 Hours 37 Minutes 54.00 Seconds,19,T
1675712273.0546982,0,76254,76254,GPS1_Frame,42.33888,-71.08809016666666,12.8,0.97,327986.3014335375,4689514.379082598,19 Hours 37 Minutes 55.00 Seconds,19,T
1675712274.0493643,0,76254,76254,GPS1_Frame,42.338882,-71.08809016666666,13.1,0.97,327986.30688716855,4689514.601167401,19 Hours 37 Minutes 56.00 Seconds,19,T
1675712275.0521283,0,76255,76255,GPS1_Frame,42.338883333333335,-71.08809,13.3,1.08,327986.3242532426,4689514.748886768,19 Hours 37 Minutes 57.00 Seconds,19,T
1675712276.0529957,0,76255,76255,GPS1_Frame,42.3388845,-71.08809016666666,13.6,0.97,327986.31370420766,4689514.878773403,19 Hours 37 Minutes 58.00 Seconds,19,T
1675712277.0504508,0,76255,76255,GPS1_Frame,42.338885833333336,-71.0880905,13.8,0.97,327986.28987932147,4689515.027504279,19 Hours 37 Minutes 59.00 Seconds,19,T
1675712278.0522082,0,76272,76272,GPS1_Frame,42.338887166666666,-71.08809066666667,14.0,0.97,327986.2797847575,4689515.175897983,19 Hours 38 Minutes 00.00 Seconds,19,T
1675712279.0529323,0,76272,76272,GPS1_Frame,42.338887666666665,-71.08809083333334,14.1,1.08,327986.26741784695,4689515.231756353,19 Hours 38 Minutes 01.00 Seconds,19,T
1675712280.0533247,0,76272,76272,GPS1_Frame,42.33888833333334,-71.08809083333334,14.2,0.97,327986.2692357248,4689515.30578462,19 Hours 38 Minutes 02.00 Seconds,19,T
1675712281.05193,0,76273,76273,GPS1_Frame,42.338888833333336,-71.088091,14.4,0.97,327986.2568688147,4689515.361642991,19 Hours 38 Minutes 03.00 Seconds,19,T
1675712282.051333,0,76273,76273,GPS1_Frame,42.3388895,-71.08809116666667,14.5,0.97,327986.2449563722,4689515.436008426,19 Hours 38 Minutes 04.00 Seconds,19,T
1675712283.0509262,0,76274,76274,GPS1_Frame,42.33888916666667,-71.08809166666667,14.5,1.08,327986.20285647747,4689515.400005802,19 Hours 38 Minutes 05.00 Seconds,19,T
1675712284.0492485,0,76274,76274,GPS1_Frame,42.338889,-71.088092,14.5,0.97,327986.1749413708,4689515.382173072,19 Hours 38 Minutes 06.00 Seconds,19,T
1675712285.049099,0,76274,76274,GPS1_Frame,42.33888866666667,-71.08809316666667,14.4,0.97,327986.0779201989,4689515.347519125,19 Hours 38 Minutes 07.00 Seconds,19,T
1675712286.0518045,0,76275,76275,GPS1_Frame,42.338889,-71.08809516666666,14.1,0.97,327985.9140653141,4689515.388579292,19 Hours 38 Minutes 08.00 Seconds,19,T
1675712287.0491896,0,76275,76275,GPS1_Frame,42.338889,-71.08809733333334,13.6,1.08,327985.7355711686,4689515.392962502,19 Hours 38 Minutes 09.00 Seconds,19,T
1675712288.0516615,0,76276,76276,GPS1_Frame,42.33888866666667,-71.08809883333333,13.3,0.97,327985.611089355,4689515.358982902,19 Hours 38 Minutes 10.00 Seconds,19,T
1675712289.0538695,0,76276,76276,GPS1_Frame,42.33888833333334,-71.08809916666667,13.1,0.97,327985.58271977515,4689515.322643108,19 Hours 38 Minutes 11.00 Seconds,19,T
1675712290.0498188,0,76276,76276,GPS1_Frame,42.3388885,-71.08809983333333,13.1,0.97,327985.5282529718,4689515.342498857,19 Hours 38 Minutes 12.00 Seconds,19,T
1675712291.0471215,0,76277,76277,GPS1_Frame,42.338888,-71.08810016666666,12.9,1.08,327985.49942892,4689515.287651997,19 Hours 38 Minutes 13.00 Seconds,19,T
1675712292.0498676,0,76277,76277,GPS1_Frame,42.3388875,-71.088101,12.8,0.97,327985.429413909,4689515.233816649,19 Hours 38 Minutes 14.00 Seconds,19,T
1675712293.052146,0,76278,76278,GPS1_Frame,42.338887166666666,-71.0881015,12.7,0.97,327985.3873140066,4689515.197814028,19 Hours 38 Minutes 15.00 Seconds,19,T
1675712294.05085,0,76278,76278,GPS1_Frame,42.33888866666667,-71.0881035,12.5,1.01,327985.2266404249,4689515.368423684,19 Hours 38 Minutes 16.00 Seconds,19,T
1675712295.0489578,0,76278,76278,GPS1_Frame,42.3388885,-71.08810616666666,12.0,1.2,327985.00650084973,4689515.3553113565,19 Hours 38 Minutes 17.00 Seconds,19,T
1675712296.04536,0,76279,76279,GPS1_Frame,42.33888833333334,-71.08810866666667,11.4,1.01,327984.80009159213,4689515.3418618655,19 Hours 38 Minutes 18.00 Seconds,19,T
1675712297.052538,0,76279,76279,GPS1_Frame,42.33888816666666,-71.088113,10.5,0.91,327984.4426488228,4689515.332121279,19 Hours 38 Minutes 19.00 Seconds,19,T
1675712298.0510783,0,76279,76279,GPS1_Frame,42.338888,-71.0881155,10.0,0.91,327984.2362395625,4689515.318671805,19 Hours 38 Minutes 20.00 Seconds,19,T
1675712299.0516915,0,76280,76280,GPS1_Frame,42.33888616666667,-71.0881165,9.6,1.1,327984.1488584243,4689515.117117108,19 Hours 38 Minutes 21.00 Seconds,19,T
1675712300.048556,0,76280,76280,GPS1_Frame,42.33888533333333,-71.088116,9.3,0.91,327984.18777700723,4689515.023570253,19 Hours 38 Minutes 22.00 Seconds,19,T
1675712301.0493526,0,76281,76281,GPS1_Frame,42.338883833333334,-71.0881145,9.1,0.91,327984.30725961237,4689514.853972093,19 Hours 38 Minutes 23.00 Seconds,19,T
1675712302.048975,0,76281,76281,GPS1_Frame,42.33888283333334,-71.0881135,9.0,0.91,327984.3869146864,4689514.740906656,19 Hours 38 Minutes 24.00 Seconds,19,T
1675712303.0429912,0,76281,76281,GPS1_Frame,42.33888116666667,-71.08811216666666,8.8,1.1,327984.4922125094,4689514.553138604,19 Hours 38 Minutes 25.00 Seconds,19,T
1675712304.0505505,0,76282,76282,GPS1_Frame,42.33887933333333,-71.08811083333333,8.7,0.91,327984.5970558603,4689514.34686349,19 Hours 38 Minutes 26.00 Seconds,19,T
1675712305.0498714,0,76282,76282,GPS1_Frame,42.33887816666667,-71.08810966666667,8.7,0.91,327984.6899867926,4689514.214953815,19 Hours 38 Minutes 27.00 Seconds,19,T
1675712306.0480487,0,76283,76283,GPS1_Frame,42.338876666666664,-71.088108,8.6,0.91,327984.8231997461,4689514.045018493,19 Hours 38 Minutes 28.00 Seconds,19,T
1675712307.0452123,0,76283,76283,GPS1_Frame,42.33887,-71.08810383333334,7.9,1.1,327985.148278899,4689513.29630653,19 Hours 38 Minutes 29.00 Seconds,19,T
1675712308.0483057,0,76283,76283,GPS1_Frame,42.3388665,-71.08810133333333,7.5,0.91,327985.3446898406,4689512.902600561,19 Hours 38 Minutes 30.00 Seconds,19,T
1675712309.0495248,0,76284,76284,GPS1_Frame,42.3388635,-71.08809883333333,7.2,0.91,327985.5424642186,4689512.564415799,19 Hours 38 Minutes 31.00 Seconds,19,T
1675712310.049857,0,76284,76284,GPS1_Frame,42.33886533333333,-71.0880985,7.2,0.91,327985.57492404705,4689512.767319192,19 Hours 38 Minutes 32.00 Seconds,19,T
1675712311.0472155,0,76285,76285,GPS1_Frame,42.338866,-71.08809833333333,7.2,1.1,327985.5904722565,4689512.841010291,19 Hours 38 Minutes 33.00 Seconds,19,T
1675712312.0483658,0,76285,76285,GPS1_Frame,42.338868166666664,-71.08809883333333,7.3,0.91,327985.55518940696,4689513.08261367,19 Hours 38 Minutes 34.00 Seconds,19,T
1675712313.0502868,0,76285,76285,GPS1_Frame,42.33887166666667,-71.08809916666667,7.4,0.91,327985.5372726543,4689513.471936417,19 Hours 38 Minutes 35.00 Seconds,19,T
1675712314.0431097,0,76286,76286,GPS1_Frame,42.3388745,-71.08809933333333,7.5,0.91,327985.53126834205,4689513.7868937235,19 Hours 38 Minutes 36.00 Seconds,19,T
1675712315.048727,0,76286,76286,GPS1_Frame,42.338877333333336,-71.0881,7.7,1.1,327985.48407306825,4689514.102862545,19 Hours 38 Minutes 37.00 Seconds,19,T
1675712316.0465612,0,76287,76287,GPS1_Frame,42.338880333333336,-71.088101,7.9,0.91,327985.4098716283,4689514.438012773,19 Hours 38 Minutes 38.00 Seconds,19,T
1675712317.0465524,0,76287,76287,GPS1_Frame,42.33888283333334,-71.08810183333334,8.1,0.91,327985.34803710104,4689514.717304629,19 Hours 38 Minutes 39.00 Seconds,19,T
1675712318.0477605,0,76287,76287,GPS1_Frame,42.33888483333333,-71.08810183333334,8.2,0.91,327985.3534907629,4689514.939389433,19 Hours 38 Minutes 40.00 Seconds,19,T
1675712319.0461078,0,76288,76288,GPS1_Frame,42.338887,-71.0881025,8.4,1.1,327985.3044776188,4689515.181329987,19 Hours 38 Minutes 41.00 Seconds,19,T
1675712320.042784,0,76288,76288,GPS1_Frame,42.33888833333334,-71.0881025,8.5,0.91,327985.30811339477,4689515.329386522,19 Hours 38 Minutes 42.00 Seconds,19,T
1675712321.0490708,0,76289,76289,GPS1_Frame,42.33889,-71.088103,8.6,0.91,327985.27146715776,4689515.5154687045,19 Hours 38 Minutes 43.00 Seconds,19,T
1675712322.0461159,0,76289,76289,GPS1_Frame,42.3388915,-71.0881035,8.7,0.91,327985.234366453,4689515.683043821,19 Hours 38 Minutes 44.00 Seconds,19,T
1675712323.0499594,0,76289,76289,GPS1_Frame,42.338892666666666,-71.0881035,8.8,1.1,327985.2375477588,4689515.812593289,19 Hours 38 Minutes 45.00 Seconds,19,T
1675712324.0486042,0,76290,76290,GPS1_Frame,42.3388945,-71.0881035,8.8,0.91,327985.24254695384,4689516.016171027,19 Hours 38 Minutes 46.00 Seconds,19,T
1675712325.0431075,0,76290,76290,GPS1_Frame,42.33889583333333,-71.08810333333334,8.9,0.91,327985.2599130492,4689516.163890391,19 Hours 38 Minutes 47.00 Seconds,19,T
1675712326.048884,0,76291,76291,GPS1_Frame,42.33889716666667,-71.08810333333334,9.1,0.91,327985.26354882726,4689516.311946926,19 Hours 38 Minutes 48.00 Seconds,19,T
1675712327.049334,0,76291,76291,GPS1_Frame,42.338897833333334,-71.0881035,9.1,1.1,327985.25163639965,4689516.3863123655,19 Hours 38 Minutes 49.00 Seconds,19,T
1675712328.048561,0,76291,76291,GPS1_Frame,42.338899,-71.08810366666667,9.1,0.91,327985.2410873895,4689516.516199005,19 Hours 38 Minutes 50.00 Seconds,19,T
1675712329.0513542,0,76292,76292,GPS1_Frame,42.338900333333335,-71.0881045,8.9,0.91,327985.17607158795,4689516.665941396,19 Hours 38 Minutes 51.00 Seconds,19,T
1675712330.0491567,0,76292,76292,GPS1_Frame,42.33890266666667,-71.08810583333333,8.7,0.91,327985.07259167486,4689516.927737705,19 Hours 38 Minutes 52.00 Seconds,19,T
1675712331.0477533,0,76292,76292,GPS1_Frame,42.3389045,-71.088107,8.6,0.91,327984.98147867015,4689517.133675644,19 Hours 38 Minutes 53.00 Seconds,19,T
1675712332.0435123,0,76293,76293,GPS1_Frame,42.338905833333335,-71.08810716666666,8.3,1.1,327984.9713841403,4689517.2820693515,19 Hours 38 Minutes 54.00 Seconds,19,T
1675712333.0481303,0,76293,76293,GPS1_Frame,42.3389075,-71.0881065,8.3,0.86,327985.0308501303,4689517.465791335,19 Hours 38 Minutes 55.00 Seconds,19,T
1675712334.0469036,0,76294,76294,GPS1_Frame,42.338908333333336,-71.08810666666666,8.2,0.97,327985.0193921812,4689517.558663841,19 Hours 38 Minutes 56.00 Seconds,19,T
1675712335.0422187,0,76294,76294,GPS1_Frame,42.338908,-71.08810716666666,8.3,1.01,327984.9772922918,4689517.522661221,19 Hours 38 Minutes 57.00 Seconds,19,T
1675712336.0424669,0,76294,76294,GPS1_Frame,42.338907666666664,-71.08810683333333,8.3,1.01,327985.0038439743,4689517.484972745,19 Hours 38 Minutes 58.00 Seconds,19,T
1675712337.0408874,0,76295,76295,GPS1_Frame,42.33890816666667,-71.08810633333333,8.1,1.2,327985.0463983369,4689517.5394824315,19 Hours 38 Minutes 59.00 Seconds,19,T
1675712338.0462942,0,76311,76311,GPS1_Frame,42.338908833333335,-71.08810516666667,7.9,1.01,327985.14432843076,4689517.6111504985,19 Hours 39 Minutes 00.00 Seconds,19,T
1675712339.0492423,0,76311,76311,GPS1_Frame,42.338909,-71.08810366666667,7.6,1.01,327985.2683557335,4689517.626623023,19 Hours 39 Minutes 01.00 Seconds,19,T
1675712340.0489433,0,76312,76312,GPS1_Frame,42.33890683333333,-71.08810183333334,7.2,1.01,327985.4134810575,4689517.382322272,19 Hours 39 Minutes 02.00 Seconds,19,T
1675712341.0431874,0,76312,76312,GPS1_Frame,42.33890433333333,-71.08810066666666,7.0,1.2,327985.50277618587,4689517.102356071,19 Hours 39 Minutes 03.00 Seconds,19,T
1675712342.045605,0,76313,76313,GPS1_Frame,42.338901666666665,-71.08809966666666,6.5,1.01,327985.577886535,4689516.804219976,19 Hours 39 Minutes 04.00 Seconds,19,T
1675712343.0413554,0,76313,76313,GPS1_Frame,42.338900833333334,-71.0880995,6.4,1.01,327985.58934449346,4689516.711347471,19 Hours 39 Minutes 05.00 Seconds,19,T
1675712344.0415936,0,76313,76313,GPS1_Frame,42.338901,-71.08809966666666,6.2,1.01,327985.57606864895,4689516.730191709,19 Hours 39 Minutes 06.00 Seconds,19,T
1675712345.043115,0,76314,76314,GPS1_Frame,42.3388995,-71.0880965,6.2,1.2,327985.83285441884,4689516.55722187,19 Hours 39 Minutes 07.00 Seconds,19,T
1675712346.0445473,0,76314,76314,GPS1_Frame,42.338898666666665,-71.0880935,6.3,0.97,327986.07772776723,4689516.45861748,19 Hours 39 Minutes 08.00 Seconds,19,T
1675712347.04525,0,76315,76315,GPS1_Frame,42.33889716666667,-71.08809133333334,6.3,0.97,327986.2521316563,4689516.287670676,19 Hours 39 Minutes 09.00 Seconds,19,T
1675712348.043955,0,76315,76315,GPS1_Frame,42.33889583333333,-71.08808983333333,6.4,0.97,327986.3720687567,4689516.136579618,19 Hours 39 Minutes 10.00 Seconds,19,T
1675712349.0434282,0,76315,76315,GPS1_Frame,42.33889416666667,-71.08808883333333,6.4,1.2,327986.44990597037,4689515.949485936,19 Hours 39 Minutes 11.00 Seconds,19,T
1675712350.0422668,0,76316,76316,GPS1_Frame,42.338893,-71.08808816666667,6.5,1.01,327986.50164595956,4689515.818587791,19 Hours 39 Minutes 12.00 Seconds,19,T
1675712351.0422745,0,76316,76316,GPS1_Frame,42.33889283333333,-71.088088,6.8,0.97,327986.5149218084,4689515.799743556,19 Hours 39 Minutes 13.00 Seconds,19,T
1675712352.0427604,0,76316,76316,GPS1_Frame,42.338892333333334,-71.0880875,7.0,1.01,327986.5547493552,4689515.743210851,19 Hours 39 Minutes 14.00 Seconds,19,T
1675712353.0479667,0,76317,76317,GPS1_Frame,42.3388915,-71.08808716666667,7.2,1.08,327986.57993764745,4689515.65000118,19 Hours 39 Minutes 15.00 Seconds,19,T
1675712354.038861,0,76317,76317,GPS1_Frame,42.338891,-71.088087,7.3,1.01,327986.5923045593,4689515.5941428095,19 Hours 39 Minutes 16.00 Seconds,19,T
1675712355.041399,0,76318,76318,GPS1_Frame,42.338890666666664,-71.08808666666667,7.5,1.01,327986.61885625846,4689515.556454339,19 Hours 39 Minutes 17.00 Seconds,19,T
1675712356.0431004,0,76318,76318,GPS1_Frame,42.3388895,-71.08808583333334,7.6,0.97,327986.6843265727,4689515.425219027,19 Hours 39 Minutes 18.00 Seconds,19,T
1675712357.0415924,0,76318,76318,GPS1_Frame,42.3388895,-71.08808533333334,7.7,1.08,327986.7255175301,4689515.4242075225,19 Hours 39 Minutes 19.00 Seconds,19,T
1675712358.040049,0,76319,76319,GPS1_Frame,42.33888966666667,-71.088084,7.8,0.97,327986.8358145477,4689515.440017246,19 Hours 39 Minutes 20.00 Seconds,19,T
1675712359.0392065,0,76319,76319,GPS1_Frame,42.33888916666667,-71.088082,7.7,1.0,327986.99921496795,4689515.380450032,19 Hours 39 Minutes 21.00 Seconds,19,T
1675712360.0410917,0,76320,76320,GPS1_Frame,42.3388895,-71.08808033333334,7.7,1.0,327987.1374270916,4689515.4140924895,19 Hours 39 Minutes 22.00 Seconds,19,T
1675712361.040726,0,76320,76320,GPS1_Frame,42.33888983333333,-71.08807883333333,7.8,1.08,327987.26190889545,4689515.448072119,19 Hours 39 Minutes 23.00 Seconds,19,T
1675712362.04264,0,76320,76320,GPS1_Frame,42.33889116666667,-71.08807766666666,7.8,1.0,327987.36165685684,4689515.593768485,19 Hours 39 Minutes 24.00 Seconds,19,T
1675712363.039374,0,76321,76321,GPS1_Frame,42.338891333333336,-71.08807666666667,7.8,1.0,327987.4444932338,4689515.61025255,19 Hours 39 Minutes 25.00 Seconds,19,T
1675712364.0396986,0,76321,76321,GPS1_Frame,42.338891,-71.088076,7.8,1.0,327987.49850557547,4689515.57188975,19 Hours 39 Minutes 26.00 Seconds,19,T
1675712365.0367935,0,76322,76322,GPS1_Frame,42.338891,-71.08807533333334,7.9,1.2,327987.5534268478,4689515.570541083,19 Hours 39 Minutes 27.00 Seconds,19,T
1675712366.0406308,0,76322,76322,GPS1_Frame,42.3388905,-71.088075,7.9,1.0,327987.579524086,4689515.514345549,19 Hours 39 Minutes 28.00 Seconds,19,T
1675712367.0364747,0,76322,76322,GPS1_Frame,42.33888966666667,-71.08807433333334,7.9,1.0,327987.63217303145,4689515.4204615485,19 Hours 39 Minutes 29.00 Seconds,19,T
1675712368.0342758,0,76323,76323,GPS1_Frame,42.338888833333336,-71.08807383333334,7.9,1.2,327987.6710916599,4689515.3269147165,19 Hours 39 Minutes 30.00 Seconds,19,T
1675712369.0411189,0,76323,76323,GPS1_Frame,42.338888833333336,-71.08807366666667,8.0,1.0,327987.6848219785,4689515.32657755,19 Hours 39 Minutes 31.00 Seconds,19,T
1675712370.0397658,0,76324,76324,GPS1_Frame,42.338889,-71.08807316666666,8.0,1.0,327987.72646739986,4689515.344073116,19 Hours 39 Minutes 32.00 Seconds,19,T
1675712371.039936,0,76324,76324,GPS1_Frame,42.3388895,-71.08807233333333,8.1,1.2,327987.79648239096,4689515.3979084855,19 Hours 39 Minutes 33.00 Seconds,19,T
1675712372.0328026,0,76324,76324,GPS1_Frame,42.33888983333333,-71.088072,8.1,1.0,327987.82485195855,4689515.434248289,19 Hours 39 Minutes 34.00 Seconds,19,T
1675712373.0378034,0,76325,76325,GPS1_Frame,42.338890666666664,-71.08807283333333,8.1,1.0,327987.75847269245,4689515.528469454,19 Hours 39 Minutes 35.00 Seconds,19,T
1675712374.0353336,0,76325,76325,GPS1_Frame,42.3388915,-71.088074,8.0,1.2,327987.66463279235,4689515.623364952,19 Hours 39 Minutes 36.00 Seconds,19,T
1675712375.0366318,0,76326,76326,GPS1_Frame,42.33889216666667,-71.08807583333333,7.8,1.0,327987.5154171572,4689515.701102051,19 Hours 39 Minutes 37.00 Seconds,19,T
1675712376.033655,0,76326,76326,GPS1_Frame,42.338892333333334,-71.088078,7.5,1.0,327987.3373774876,4689515.723992288,19 Hours 39 Minutes 38.00 Seconds,19,T
1675712377.035241,0,76326,76326,GPS1_Frame,42.338892333333334,-71.08807933333334,7.2,1.2,327987.22753494093,4689515.7266896255,19 Hours 39 Minutes 39.00 Seconds,19,T
1675712378.0341756,0,76327,76327,GPS1_Frame,42.338892333333334,-71.08808033333334,7.1,1.0,327987.145153034,4689515.7287126295,19 Hours 39 Minutes 40.00 Seconds,19,T
1675712379.0316365,0,76327,76327,GPS1_Frame,42.338893166666665,-71.0880815,7.1,1.0,327987.05131314456,4689515.823608135,19 Hours 39 Minutes 41.00 Seconds,19,T
1675712380.0336154,0,76328,76328,GPS1_Frame,42.338894,-71.08808266666666,7.1,1.0,327986.9574732577,4689515.918503643,19 Hours 39 Minutes 42.00 Seconds,19,T
1675712381.030012,0,76328,76328,GPS1_Frame,42.3388945,-71.08808333333333,7.0,1.2,327986.90391539154,4689515.975373516,19 Hours 39 Minutes 43.00 Seconds,19,T
1675712382.034937,0,76328,76328,GPS1_Frame,42.33889516666667,-71.08808366666666,7.0,1.0,327986.87827262864,4689516.05007612,19 Hours 39 Minutes 44.00 Seconds,19,T
1675712383.0303376,0,76329,76329,GPS1_Frame,42.338896,-71.08808366666666,7.0,1.0,327986.88054496853,4689516.142611453,19 Hours 39 Minutes 45.00 Seconds,19,T
1675712384.0331786,0,76329,76329,GPS1_Frame,42.33889633333333,-71.088084,7.1,1.2,327986.85399326845,4689516.180299923,19 Hours 39 Minutes 46.00 Seconds,19,T
1675712385.038011,0,76329,76329,GPS1_Frame,42.3388965,-71.0880845,7.2,1.0,327986.8132567837,4689516.199818494,19 Hours 39 Minutes 47.00 Seconds,19,T
1675712386.0332272,0,76330,76330,GPS1_Frame,42.338896166666665,-71.0880855,7.6,1.0,327986.7299659455,4689516.164827371,19 Hours 39 Minutes 48.00 Seconds,19,T
1675712387.0377786,0,76330,76330,GPS1_Frame,42.338896,-71.08808666666667,7.8,1.0,327986.6333992537,4689516.148680481,19 Hours 39 Minutes 49.00 Seconds,19,T
1675712388.0367835,0,76331,76331,GPS1_Frame,42.338895666666666,-71.08808783333333,8.0,1.2,327986.5363780968,4689516.114026527,19 Hours 39 Minutes 50.00 Seconds,19,T
1675712389.034988,0,76331,76331,GPS1_Frame,42.33889516666667,-71.0880885,8.3,1.0,327986.48009341926,4689516.059854002,19 Hours 39 Minutes 51.00 Seconds,19,T
1675712390.0336277,0,76331,76331,GPS1_Frame,42.338894833333335,-71.0880885,8.8,1.0,327986.47918448126,4689516.0228398675,19 Hours 39 Minutes 52.00 Seconds,19,T
1675712391.0318809,0,76332,76332,GPS1_Frame,42.338894833333335,-71.08808883333333,9.4,1.0,327986.45172384667,4689516.023514205,19 Hours 39 Minutes 53.00 Seconds,19,T
1675712392.031694,0,76332,76332,GPS1_Frame,42.338894833333335,-71.08808866666666,9.7,1.2,327986.46545416396,4689516.023177036,19 Hours 39 Minutes 54.00 Seconds,19,T
1675712393.0346825,0,76333,76333,GPS1_Frame,42.338894333333336,-71.08808933333333,10.1,1.0,327986.4091694852,4689515.96900451,19 Hours 39 Minutes 55.00 Seconds,19,T
1675712394.0321274,0,76333,76333,GPS1_Frame,42.3388945,-71.08808966666666,10.3,0.97,327986.3821633196,4689515.988185915,19 Hours 39 Minutes 56.00 Seconds,19,T
1675712395.0354517,0,76333,76333,GPS1_Frame,42.3388945,-71.0880905,10.6,0.97,327986.3135117308,4689515.98987176,19 Hours 39 Minutes 57.00 Seconds,19,T
1675712396.0314765,0,76334,76334,GPS1_Frame,42.3388945,-71.0880905,10.7,1.08,327986.3135117308,4689515.98987176,19 Hours 39 Minutes 58.00 Seconds,19,T
1675712397.031786,0,76334,76334,GPS1_Frame,42.33889383333333,-71.08809083333334,11.0,0.96,327986.28423321806,4689515.9165178295,19 Hours 39 Minutes 59.00 Seconds,19,T
1675712398.03458,0,76350,76350,GPS1_Frame,42.338893666666664,-71.08809133333334,11.2,0.96,327986.2425877938,4689515.899022269,19 Hours 40 Minutes 00.00 Seconds,19,T
1675712399.0368633,0,76351,76351,GPS1_Frame,42.33889333333333,-71.08809233333334,11.5,0.96,327986.1592969489,4689515.864031151,19 Hours 40 Minutes 01.00 Seconds,19,T
1675712400.0348208,0,76351,76351,GPS1_Frame,42.338893,-71.0880935,11.8,1.08,327986.0622757834,4689515.829377202,19 Hours 40 Minutes 02.00 Seconds,19,T
1675712401.0291784,0,76352,76352,GPS1_Frame,42.338892666666666,-71.0880945,12.1,0.96,327985.9789849345,4689515.794386087,19 Hours 40 Minutes 03.00 Seconds,19,T
1675712402.0265326,0,76352,76352,GPS1_Frame,42.338893166666665,-71.088096,12.4,0.96,327985.8567754846,4689515.852941816,19 Hours 40 Minutes 04.00 Seconds,19,T
1675712403.0284724,0,76352,76352,GPS1_Frame,42.33889283333333,-71.0880975,12.8,0.96,327985.7322936817,4689515.818962212,19 Hours 40 Minutes 05.00 Seconds,19,T
1675712404.0275836,0,76353,76353,GPS1_Frame,42.338892666666666,-71.0880985,13.2,1.08,327985.64945729997,4689515.802478166,19 Hours 40 Minutes 06.00 Seconds,19,T
1675712405.0210447,0,76353,76353,GPS1_Frame,42.33889283333333,-71.08809916666667,13.6,0.96,327985.5949905003,4689515.822333916,19 Hours 40 Minutes 07.00 Seconds,19,T
1675712406.0239933,0,76353,76353,GPS1_Frame,42.33889333333333,-71.08809983333333,14.0,0.96,327985.54143264383,4689515.879203797,19 Hours 40 Minutes 08.00 Seconds,19,T
1675712407.0266204,0,76354,76354,GPS1_Frame,42.338893666666664,-71.088101,14.5,1.0,327985.4462293618,4689515.9185781265,19 Hours 40 Minutes 09.00 Seconds,19,T
1675712408.0219676,0,76354,76354,GPS1_Frame,42.338893,-71.08810166666666,14.8,1.2,327985.3894902021,4689515.845898542,19 Hours 40 Minutes 10.00 Seconds,19,T
1675712409.0236213,0,76355,76355,GPS1_Frame,42.338893,-71.08810266666667,15.2,1.0,327985.30710829387,4689515.847921566,19 Hours 40 Minutes 11.00 Seconds,19,T
1675712410.0222356,0,76355,76355,GPS1_Frame,42.33889283333333,-71.088103,15.4,1.0,327985.2791931843,4689515.830088843,19 Hours 40 Minutes 12.00 Seconds,19,T
1675712411.0193653,0,76355,76355,GPS1_Frame,42.33889283333333,-71.0881035,15.6,1.0,327985.2380022311,4689515.831100356,19 Hours 40 Minutes 13.00 Seconds,19,T
1675712412.0170684,0,76356,76356,GPS1_Frame,42.338892333333334,-71.088104,15.9,1.2,327985.19544786075,4689515.7765906695,19 Hours 40 Minutes 14.00 Seconds,19,T
1675712413.0225406,0,76356,76356,GPS1_Frame,42.33889166666667,-71.0881045,16.1,1.0,327985.1524390174,4689515.703573914,19 Hours 40 Minutes 15.00 Seconds,19,T
1675712414.022494,0,76357,76357,GPS1_Frame,42.3388915,-71.08810483333333,16.2,0.96,327985.1245239089,4689515.685741191,19 Hours 40 Minutes 16.00 Seconds,19,T
1675712415.0223222,0,76357,76357,GPS1_Frame,42.33889116666667,-71.088105,16.3,0.96,327985.10988464364,4689515.649064228,19 Hours 40 Minutes 17.00 Seconds,19,T
1675712416.0249963,0,76357,76357,GPS1_Frame,42.33889083333333,-71.08810583333333,16.3,1.08,327985.04032410553,4689515.613735951,19 Hours 40 Minutes 18.00 Seconds,19,T
1675712417.0253403,0,76358,76358,GPS1_Frame,42.338890666666664,-71.0881065,16.2,0.96,327984.98494835995,4689515.59657757,19 Hours 40 Minutes 19.00 Seconds,19,T
1675712418.0207472,0,76358,76358,GPS1_Frame,42.33889033333333,-71.0881075,15.9,0.96,327984.9016575024,4689515.561586468,19 Hours 40 Minutes 20.00 Seconds,19,T
1675712419.0196257,0,76359,76359,GPS1_Frame,42.33889033333333,-71.0881085,15.5,0.96,327984.8192755907,4689515.563609498,19 Hours 40 Minutes 21.00 Seconds,19,T
1675712420.0156815,0,76359,76359,GPS1_Frame,42.33889,-71.0881095,15.0,1.08,327984.7359847339,4689515.528618395,19 Hours 40 Minutes 22.00 Seconds,19,T
1675712421.0180821,0,76359,76359,GPS1_Frame,42.33888966666667,-71.08811016666667,14.6,0.96,327984.68015451106,4689515.492952949,19 Hours 40 Minutes 23.00 Seconds,19,T
1675712422.0188634,0,76360,76360,GPS1_Frame,42.33888966666667,-71.08811016666667,14.4,0.96,327984.68015451106,4689515.492952949,19 Hours 40 Minutes 24.00 Seconds,19,T
1675712423.015546,0,76360,76360,GPS1_Frame,42.338889,-71.0881105,14.3,0.96,327984.6508759771,4689515.419599026,19 Hours 40 Minutes 25.00 Seconds,19,T
1675712424.0183835,0,76361,76361,GPS1_Frame,42.33888816666666,-71.08811083333333,14.1,1.08,327984.62114297075,4689515.327738036,19 Hours 40 Minutes 26.00 Seconds,19,T
1675712425.018918,0,76361,76361,GPS1_Frame,42.33888783333333,-71.08811116666666,13.9,0.96,327984.59277338546,4689515.291398248,19 Hours 40 Minutes 27.00 Seconds,19,T
1675712426.016919,0,76361,76361,GPS1_Frame,42.338887666666665,-71.08811166666666,13.8,0.96,327984.551127955,4689515.273902698,19 Hours 40 Minutes 28.00 Seconds,19,T
1675712427.0193558,0,76362,76362,GPS1_Frame,42.338887666666665,-71.08811166666666,13.6,0.96,327984.551127955,4689515.273902698,19 Hours 40 Minutes 29.00 Seconds,19,T
1675712428.016676,0,76362,76362,GPS1_Frame,42.3388875,-71.08811166666666,13.4,0.96,327984.5506734811,4689515.25539563,19 Hours 40 Minutes 30.00 Seconds,19,T
1675712429.0135612,0,76363,76363,GPS1_Frame,42.33888666666667,-71.08811116666666,13.3,1.08,327984.58959206834,4689515.161848779,19 Hours 40 Minutes 31.00 Seconds,19,T
1675712430.013674,0,76363,76363,GPS1_Frame,42.338886,-71.0881105,13.2,0.91,327984.64269544964,4689515.086471823,19 Hours 40 Minutes 32.00 Seconds,19,T
1675712431.0163753,0,76363,76363,GPS1_Frame,42.338885833333336,-71.08811033333333,13.1,0.91,327984.6559712952,4689515.067627584,19 Hours 40 Minutes 33.00 Seconds,19,T
1675712432.012713,0,76364,76364,GPS1_Frame,42.3388855,-71.088111,12.9,1.0,327984.6001410705,4689515.031962139,19 Hours 40 Minutes 34.00 Seconds,19,T
1675712433.0097082,0,76364,76364,GPS1_Frame,42.3388855,-71.08811133333333,12.9,1.0,327984.5726804318,4689515.032636483,19 Hours 40 Minutes 35.00 Seconds,19,T
1675712434.0081596,0,76365,76365,GPS1_Frame,42.338885166666664,-71.08811166666666,12.9,1.08,327984.5443108452,4689514.996296694,19 Hours 40 Minutes 36.00 Seconds,19,T
1675712435.0136003,0,76365,76365,GPS1_Frame,42.33888533333333,-71.088112,12.8,0.96,327984.5173046804,4689515.015478104,19 Hours 40 Minutes 37.00 Seconds,19,T
1675712436.0094988,0,76365,76365,GPS1_Frame,42.3388855,-71.08811166666666,12.8,0.96,327984.5452197932,4689515.033310828,19 Hours 40 Minutes 38.00 Seconds,19,T
1675712437.0111642,0,76366,76366,GPS1_Frame,42.338885833333336,-71.08811116666666,12.8,0.96,327984.5873196989,4689515.069313445,19 Hours 40 Minutes 39.00 Seconds,19,T
1675712438.0074103,0,76366,76366,GPS1_Frame,42.338886333333335,-71.08811066666667,12.8,1.2,327984.629874078,4689515.123823129,19 Hours 40 Minutes 40.00 Seconds,19,T
1675712439.0103042,0,76366,76366,GPS1_Frame,42.33888683333333,-71.0881105,12.7,1.2,327984.6449678184,4689515.179007156,19 Hours 40 Minutes 41.00 Seconds,19,T
1675712440.0089462,0,76367,76367,GPS1_Frame,42.33888666666667,-71.08811016666667,12.7,1.0,327984.67197398486,4689515.159825746,19 Hours 40 Minutes 42.00 Seconds,19,T
1675712441.0054839,0,76367,76367,GPS1_Frame,42.3388865,-71.08810933333334,12.7,1.0,327984.74017110886,4689515.139632817,19 Hours 40 Minutes 43.00 Seconds,19,T
1675712442.0086665,0,76368,76368,GPS1_Frame,42.338886333333335,-71.088109,12.7,1.0,327984.76717727364,4689515.1204514075,19 Hours 40 Minutes 44.00 Seconds,19,T
1675712443.011795,0,76368,76368,GPS1_Frame,42.3388865,-71.088109,12.8,1.0,327984.76763174706,4689515.138958474,19 Hours 40 Minutes 45.00 Seconds,19,T
1675712444.011864,0,76368,76368,GPS1_Frame,42.33888683333333,-71.088109,12.9,1.0,327984.7685406939,4689515.175972607,19 Hours 40 Minutes 46.00 Seconds,19,T
1675712445.006393,0,76369,76369,GPS1_Frame,42.3388865,-71.08810866666667,12.9,1.2,327984.79509238526,4689515.138284129,19 Hours 40 Minutes 47.00 Seconds,19,T
1675712446.0091038,0,76369,76369,GPS1_Frame,42.33888616666667,-71.0881085,12.8,1.0,327984.8079137578,4689515.100932824,19 Hours 40 Minutes 48.00 Seconds,19,T
1675712447.006908,0,76370,76370,GPS1_Frame,42.33888566666667,-71.088108,12.7,1.0,327984.8477412958,4689515.044400106,19 Hours 40 Minutes 49.00 Seconds,19,T
1675712448.0066912,0,76370,76370,GPS1_Frame,42.33888233333333,-71.088106,12.3,1.0,327985.0034156768,4689514.6702127075,19 Hours 40 Minutes 50.00 Seconds,19,T
1675712449.0087402,0,76370,76370,GPS1_Frame,42.338879166666665,-71.088104,11.9,1.0,327985.1595445481,4689514.314532381,19 Hours 40 Minutes 51.00 Seconds,19,T
1675712450.005107,0,76371,76371,GPS1_Frame,42.33887566666667,-71.0881025,11.5,1.2,327985.2735735264,4689513.922849436,19 Hours 40 Minutes 52.00 Seconds,19,T
1675712451.0067046,0,76371,76371,GPS1_Frame,42.338873,-71.0881015,11.3,1.0,327985.3486839106,4689513.62471334,19 Hours 40 Minutes 53.00 Seconds,19,T
1675712452.0026984,0,76372,76372,GPS1_Frame,42.33887,-71.08810016666666,10.9,1.07,327985.4503460068,4689513.288888771,19 Hours 40 Minutes 54.00 Seconds,19,T
1675712453.0025234,0,76372,76372,GPS1_Frame,42.33886733333333,-71.08809933333333,10.6,1.2,327985.51172608195,4689512.991089847,19 Hours 40 Minutes 55.00 Seconds,19,T
1675712454.006632,0,76372,76372,GPS1_Frame,42.33886533333333,-71.088099,10.3,1.2,327985.5337330759,4689512.7683307035,19 Hours 40 Minutes 56.00 Seconds,19,T
1675712455.0039697,0,76373,76373,GPS1_Frame,42.3388645,-71.08809966666666,10.0,1.0,327985.4765394251,4689512.677144052,19 Hours 40 Minutes 57.00 Seconds,19,T
1675712456.0036387,0,76373,76373,GPS1_Frame,42.338863833333335,-71.0881005,9.7,1.0,327985.4060699181,4689512.604801636,19 Hours 40 Minutes 58.00 Seconds,19,T
1675712457.003721,0,76374,76374,GPS1_Frame,42.338863333333336,-71.0881015,9.4,1.0,327985.322324557,4689512.551303461,19 Hours 40 Minutes 59.00 Seconds,19,T
1675712458.00113,0,76390,76390,GPS1_Frame,42.338862666666664,-71.08810216666667,9.1,1.1,327985.26558537356,4689512.478623876,19 Hours 41 Minutes 00.00 Seconds,19,T
1675712459.0022268,0,76390,76390,GPS1_Frame,42.33886283333333,-71.08810233333334,8.9,0.91,327985.25230951887,4689512.497468114,19 Hours 41 Minutes 01.00 Seconds,19,T
1675712460.00554,0,76390,76390,GPS1_Frame,42.338862666666664,-71.08810216666667,8.7,1.2,327985.26558537356,4689512.478623876,19 Hours 41 Minutes 02.00 Seconds,19,T
1675712461.003819,0,76391,76391,GPS1_Frame,42.33886233333333,-71.0881015,8.5,0.86,327985.3195977276,4689512.440261059,19 Hours 41 Minutes 03.00 Seconds,19,T
1675712462.00133,0,76391,76391,GPS1_Frame,42.338862,-71.088101,8.3,0.91,327985.35987975996,4689512.402235413,19 Hours 41 Minutes 04.00 Seconds,19,T
1675712462.9974275,0,76392,76392,GPS1_Frame,42.338862166666665,-71.08810066666666,8.2,0.91,327985.3877948802,4689512.420068139,19 Hours 41 Minutes 05.00 Seconds,19,T
1675712463.9990382,0,76392,76392,GPS1_Frame,42.338862,-71.0881,8.0,1.1,327985.44226170867,4689512.400212389,19 Hours 41 Minutes 06.00 Seconds,19,T
1675712465.0001116,0,76392,76392,GPS1_Frame,42.338862,-71.08809933333333,7.8,1.1,327985.4971830064,4689512.398863707,19 Hours 41 Minutes 07.00 Seconds,19,T
1675712465.9988058,0,76393,76393,GPS1_Frame,42.338862166666665,-71.08809866666667,7.5,1.1,327985.5525587751,4689512.416022094,19 Hours 41 Minutes 08.00 Seconds,19,T
1675712466.9981346,0,76392,76392,GPS1_Frame,42.338864,-71.08809716666667,7.3,1.07,327985.68113087583,4689512.616565297,19 Hours 41 Minutes 07.00 Seconds,19,T
1675712468.0025022,0,76393,76393,GPS1_Frame,42.3388645,-71.08809716666667,7.1,0.96,327985.6824942877,4689512.672086499,19 Hours 41 Minutes 08.00 Seconds,19,T
1675712468.9984589,0,76393,76393,GPS1_Frame,42.338865166666665,-71.08809733333334,6.8,1.07,327985.6705818465,4689512.746451936,19 Hours 41 Minutes 09.00 Seconds,19,T
1675712469.9921196,0,76394,76394,GPS1_Frame,42.33886583333334,-71.08809766666667,6.6,1.2,327985.6449390821,4689512.821154543,19 Hours 41 Minutes 10.00 Seconds,19,T
1675712470.9926805,0,76394,76394,GPS1_Frame,42.338866833333334,-71.088098,6.4,1.2,327985.6202052578,4689512.932871284,19 Hours 41 Minutes 11.00 Seconds,19,T
1675712471.9991424,0,76394,76394,GPS1_Frame,42.3388675,-71.088099,6.1,1.0,327985.5396411996,4689513.008922573,19 Hours 41 Minutes 12.00 Seconds,19,T
1675712473.0015845,0,76395,76395,GPS1_Frame,42.338868166666664,-71.08809933333333,5.6,1.2,327985.5139984377,4689513.0836251825,19 Hours 41 Minutes 13.00 Seconds,19,T
1675712473.9968922,0,76395,76395,GPS1_Frame,42.33887083333333,-71.08809883333333,5.2,1.0,327985.56246094365,4689513.378726741,19 Hours 41 Minutes 14.00 Seconds,19,T
1675712474.9972196,0,76396,76396,GPS1_Frame,42.33887333333333,-71.08810016666666,5.2,1.2,327985.45943543396,4689513.659030108,19 Hours 41 Minutes 15.00 Seconds,19,T
1675712475.996793,0,76396,76396,GPS1_Frame,42.3388745,-71.08810066666666,5.2,1.0,327985.42142576625,4689513.789591088,19 Hours 41 Minutes 16.00 Seconds,19,T
1675712476.9939425,0,76396,76396,GPS1_Frame,42.33887683333333,-71.08810216666667,5.4,1.2,327985.3042154742,4689514.0517245615,19 Hours 41 Minutes 17.00 Seconds,19,T
1675712477.9948564,0,76397,76397,GPS1_Frame,42.338878666666666,-71.08810366666667,5.8,1.2,327985.1856417729,4689514.2583368365,19 Hours 41 Minutes 18.00 Seconds,19,T
1675712478.9957404,0,76397,76397,GPS1_Frame,42.3388805,-71.08810483333333,6.2,1.2,327985.0945287241,4689514.464274772,19 Hours 41 Minutes 19.00 Seconds,19,T
1675712479.9960332,0,76398,76398,GPS1_Frame,42.338882166666664,-71.08810633333333,6.6,1.2,327984.975500564,4689514.652379984,19 Hours 41 Minutes 20.00 Seconds,19,T
1675712480.994173,0,76398,76398,GPS1_Frame,42.33888433333333,-71.08810716666666,6.8,1.2,327984.9127571125,4689514.894657713,19 Hours 41 Minutes 21.00 Seconds,19,T
1675712481.991053,0,76398,76398,GPS1_Frame,42.33888566666667,-71.088108,6.9,1.2,327984.8477412958,4689515.044400106,19 Hours 41 Minutes 22.00 Seconds,19,T
1675712482.9941325,0,76399,76399,GPS1_Frame,42.338887,-71.08810866666667,7.2,1.2,327984.7964558053,4689515.193805331,19 Hours 41 Minutes 23.00 Seconds,19,T
1675712483.9950101,0,76399,76399,GPS1_Frame,42.3388885,-71.08810883333334,7.5,1.0,327984.7868157468,4689515.360706105,19 Hours 41 Minutes 24.00 Seconds,19,T
1675712484.9992075,0,76400,76400,GPS1_Frame,42.338888833333336,-71.08810816666667,7.6,1.0,327984.84264596796,4689515.396371552,19 Hours 41 Minutes 25.00 Seconds,19,T
1675712485.9914036,0,76400,76400,GPS1_Frame,42.338888833333336,-71.08810666666666,7.6,1.2,327984.96621883963,4689515.393337007,19 Hours 41 Minutes 26.00 Seconds,19,T
1675712486.9912698,0,76400,76400,GPS1_Frame,42.33888866666667,-71.0881055,7.7,1.2,327985.0618765992,4689515.372469738,19 Hours 41 Minutes 27.00 Seconds,19,T
1675712487.9891558,0,76401,76401,GPS1_Frame,42.33888866666667,-71.08810383333334,7.7,1.2,327985.19917978765,4689515.369098025,19 Hours 41 Minutes 28.00 Seconds,19,T
1675712488.9944167,0,76401,76401,GPS1_Frame,42.338888833333336,-71.0881025,7.9,1.0,327985.30947681086,4689515.384907724,19 Hours 41 Minutes 29.00 Seconds,19,T
1675712489.9885802,0,76401,76401,GPS1_Frame,42.33888833333334,-71.08810116666666,8.0,1.2,327985.4179559465,4689515.326689155,19 Hours 41 Minutes 30.00 Seconds,19,T
1675712490.9931452,0,76402,76402,GPS1_Frame,42.3388875,-71.08810033333333,8.2,1.2,327985.48433518654,4689515.232467967,19 Hours 41 Minutes 31.00 Seconds,19,T
1675712491.9892318,0,76402,76402,GPS1_Frame,42.338885833333336,-71.08809933333333,8.3,1.2,327985.5621723868,4689515.045374275,19 Hours 41 Minutes 32.00 Seconds,19,T
1675712492.9896808,0,76403,76403,GPS1_Frame,42.338884666666665,-71.08809866666667,8.4,1.2,327985.61391236586,4689514.914476125,19 Hours 41 Minutes 33.00 Seconds,19,T
1675712493.9861574,0,76403,76403,GPS1_Frame,42.338883833333334,-71.08809716666667,8.3,1.2,327985.7352128915,4689514.818906258,19 Hours 41 Minutes 34.00 Seconds,19,T
1675712494.9880564,0,76403,76403,GPS1_Frame,42.3388835,-71.08809583333333,8.2,1.2,327985.84414651,4689514.779194763,19 Hours 41 Minutes 35.00 Seconds,19,T
1675712495.9895606,0,76404,76404,GPS1_Frame,42.33888266666666,-71.0880945,8.1,1.2,327985.95171671896,4689514.68396207,19 Hours 41 Minutes 36.00 Seconds,19,T
1675712496.9874394,0,76404,76404,GPS1_Frame,42.338881666666666,-71.08809316666667,7.9,1.2,327986.058832461,4689514.5702223135,19 Hours 41 Minutes 37.00 Seconds,19,T
1675712497.989594,0,76405,76405,GPS1_Frame,42.33888066666667,-71.08809283333333,7.9,1.2,327986.0835662844,4689514.458505573,19 Hours 41 Minutes 38.00 Seconds,19,T
1675712498.9922984,0,76405,76405,GPS1_Frame,42.33888,-71.088093,8.0,1.0,327986.0680180846,4689514.384814475,19 Hours 41 Minutes 39.00 Seconds,19,T
1675712499.9853845,0,76405,76405,GPS1_Frame,42.33887883333333,-71.08809316666667,8.0,1.2,327986.05110647273,4689514.255602175,19 Hours 41 Minutes 40.00 Seconds,19,T
1675712500.986935,0,76406,76406,GPS1_Frame,42.33887683333333,-71.08809383333333,7.7,1.2,327985.99073154724,4689514.03486605,19 Hours 41 Minutes 41.00 Seconds,19,T
1675712501.9850523,0,76406,76406,GPS1_Frame,42.338875333333334,-71.08809466666666,7.3,1.2,327985.9179897094,4689513.869988296,19 Hours 41 Minutes 42.00 Seconds,19,T
1675712502.986085,0,76407,76407,GPS1_Frame,42.33887416666666,-71.088096,6.9,1.2,327985.80496584176,4689513.743136187,19 Hours 41 Minutes 43.00 Seconds,19,T
1675712503.9821956,0,76407,76407,GPS1_Frame,42.33887266666667,-71.08809616666667,6.8,1.2,327985.7871452834,4689513.576909756,19 Hours 41 Minutes 44.00 Seconds,19,T
1675712504.9854045,0,76407,76407,GPS1_Frame,42.338872,-71.08809633333334,6.7,1.2,327985.7715970792,4689513.503218657,19 Hours 41 Minutes 45.00 Seconds,19,T
1675712505.9877799,0,76408,76408,GPS1_Frame,42.33887133333333,-71.0880965,6.5,1.2,327985.7560488747,4689513.429527559,19 Hours 41 Minutes 46.00 Seconds,19,T
1675712506.9813373,0,76408,76408,GPS1_Frame,42.3388705,-71.088097,6.4,1.2,327985.7125855542,4689513.338003734,19 Hours 41 Minutes 47.00 Seconds,19,T
1675712507.9839523,0,76409,76409,GPS1_Frame,42.338869833333334,-71.088097,6.2,1.2,327985.7107676716,4689513.263975467,19 Hours 41 Minutes 48.00 Seconds,19,T
1675712508.9846349,0,76409,76409,GPS1_Frame,42.338869,-71.0880975,5.9,1.2,327985.6673043497,4689513.172451645,19 Hours 41 Minutes 49.00 Seconds,19,T
1675712509.9874651,0,76409,76409,GPS1_Frame,42.338867666666665,-71.0880975,5.6,1.2,327985.6636685837,4689513.024395107,19 Hours 41 Minutes 50.00 Seconds,19,T
1675712510.9792473,0,76410,76410,GPS1_Frame,42.33886533333333,-71.08809783333334,5.2,1.2,327985.629845344,4689512.765970511,19 Hours 41 Minutes 51.00 Seconds,19,T
1675712511.98013,0,76410,76410,GPS1_Frame,42.338864,-71.088098,5.0,1.2,327985.61247925373,4689512.618251148,19 Hours 41 Minutes 52.00 Seconds,19,T
1675712512.9850867,0,76411,76411,GPS1_Frame,42.338863,-71.08809816666667,4.7,1.2,327985.59602210467,4689512.507545915,19 Hours 41 Minutes 53.00 Seconds,19,T
1675712513.9822054,0,76411,76411,GPS1_Frame,42.33886233333333,-71.08809833333333,4.5,1.0,327985.58047389693,4689512.433854819,19 Hours 41 Minutes 54.00 Seconds,19,T
1675712514.983182,0,76411,76411,GPS1_Frame,42.338861,-71.088098,4.2,1.2,327985.6042987793,4689512.285123945,19 Hours 41 Minutes 55.00 Seconds,19,T
1675712515.9854577,0,76412,76412,GPS1_Frame,42.33886116666667,-71.088098,4.2,1.0,327985.60475325014,4689512.303631011,19 Hours 41 Minutes 56.00 Seconds,19,T
1675712516.98026,0,76412,76412,GPS1_Frame,42.3388615,-71.08809783333334,4.2,1.2,327985.6193925162,4689512.340307974,19 Hours 41 Minutes 57.00 Seconds,19,T
